{
	"description": "项目配置文件。",
	"setting": {
		"urlCheck": true,
		"es6": true,
		"postcss": true,
		"minified": true,
		"newFeature": true
	},
	"compileType": "miniprogram",
	"libVersion": "1.7.3",
	"appid": "wx6b075400ce000a59",
	"projectname": "HappyBonus",
	"condition": {
		"search": {
			"current": -1,
			"list": []
		},
		"conversation": {
			"current": -1,
			"list": []
		},
		"game": {
			"list": []
		},
		"miniprogram": {
			"current": 3,
			"list": [
				{
					"id": 0,
					"name": "分享页面",
					"pathName": "pages/qr_page/qr_page",
					"query": "order_id=53"
				},
				{
					"id": 2,
					"name": "点击别人",
					"pathName": "pages/sell_adorable_page/sell_adorable_page",
					"query": ""
				},
				{
					"id": 2,
					"name": "分享页面",
					"pathName": "pages/sell_adorable_page/sell_adorable_page",
					"query": "id=53"
				},
				{
					"id": -1,
					"name": "拜年分享页面",
					"pathName": "pages/newyear_lucky_page/newyear_lucky_page",
					"query": "id=58"
				}
			]
		}
	}
}