{
	"description": "项目配置文件。",
	"setting": {
		"urlCheck": true,
		"es6": true,
		"postcss": true,
		"minified": true,
		"newFeature": true
	},
	"compileType": "miniprogram",
	"libVersion": "1.9.1",
	"appid": "wx6b075400ce000a59",
	"projectname": "%E5%8D%96%E8%90%8C%E5%95%A6",
	"condition": {
		"search": {
			"current": -1,
			"list": []
		},
		"conversation": {
			"current": -1,
			"list": []
		},
		"game": {
			"list": []
		},
		"miniprogram": {
			"current": -1,
			"list": [
				{
					"id": 0,
					"name": "生成了二维码",
					"pathName": "pages/qr_page/qr_page",
					"query": "order_id=80"
				},
				{
					"id": 1,
					"name": "点击别人",
					"pathName": "pages/sell_adorable_page/sell_adorable_page",
					"query": "id=96&from=tmpmsg"
				},
				{
					"id": 2,
					"name": "分享页面",
					"pathName": "pages/sell_adorable_page/sell_adorable_page",
					"query": "id=53"
				},
				{
					"id": -1,
					"name": "拜年分享页面",
					"pathName": "pages/newyear_lucky_page/newyear_lucky_page",
					"query": "id=58"
				},
				{
					"id": 4,
					"name": "个人记录",
					"pathName": "pages/mine/mine",
					"query": ""
				}
			]
		}
	}
}